contact_id,cohort_date,qualified,contacted_at,replied,trial_id,trial_started_at,useful_finding_confirmed,day14_due,gate_retained_day14,retention_checked_at,retention_evidence,loss_reason_category,next_action
C01,,,,,,,,,,,,,
C02,,,,,,,,,,,,,
C03,,,,,,,,,,,,,
C04,,,,,,,,,,,,,
C05,,,,,,,,,,,,,
C06,,,,,,,,,,,,,
C07,,,,,,,,,,,,,
C08,,,,,,,,,,,,,
C09,,,,,,,,,,,,,
C10,,,,,,,,,,,,,
C11,,,,,,,,,,,,,
C12,,,,,,,,,,,,,
C13,,,,,,,,,,,,,
C14,,,,,,,,,,,,,
C15,,,,,,,,,,,,,
C16,,,,,,,,,,,,,
C17,,,,,,,,,,,,,
C18,,,,,,,,,,,,,
C19,,,,,,,,,,,,,
C20,,,,,,,,,,,,,
